﻿<include>
  <text pos="10,10">欢迎使用SOUI！</text>
  <text pos="10,[5">版本:1.2.0.1</text>
  <text pos="10,[5">协议类型：MIT，个人，企业均可以免费使用本产品，请保留产品的license</text>
  <text pos="10,[5">版权所有：启程软件</text>
  <text pos="10,[5">QQ群#1(500人)：</text><edit readOnly="1">229313785</edit>
  <link href="http://jq.qq.com/?_wv=1027&k=PxXh59"  class="cls_btn_weblink">申请群#1</link>
  <text pos="[10,{0">QQ群#2(2000人)：</text>
  <edit readOnly="1">385438344</edit>
  <link href="http://jq.qq.com/?_wv=1027&k=VRATCo"  class="cls_btn_weblink">申请群#2</link>
  <text pos="10,[10">SVN.taobao：</text><edit pos="150,{0,@-1,@30" readOnly="1">http://code.taobao.org/svn/soui2/trunk</edit>
  <text pos="10,[10">GIT.github：</text><edit pos="150,{0,@-1,@30" readOnly="1"> https://github.com/setoutsoft/soui</edit>
  <text pos="10,[5">SOUI教程:</text>
  <link href="http://www.cnblogs.com/setoutsoft/" class="cls_btn_weblink">http://www.cnblogs.com/setoutsoft/</link>
  <text pos="10,[5">SOUI Forum:</text>
  <link href="http://lumaba.cn/forum.php?mod=forumdisplay&fid=2" class="cls_btn_weblink">http://lumaba.cn/forum.php?mod=forumdisplay&fid=2</link>

  <text pos="10,[5">SOUI 官网:</text>
  <link href="http://www.ui520.cn" class="cls_btn_weblink">http://www.ui520.cn</link>

  <group pos="10,[5,-10,@100" align="left">
    支持SOUI，支持启程软件，欢迎捐助
    <text pos="10,8">户名：</text>
    <text colorText="#000000">黄建雄</text>
    <text pos="10,[5">支付宝帐号：</text>
    <edit  colorText="#ff0000" readOnly="1">setoutsoft@qq.com</edit>
  </group>
</include>